06000;RASPINI CHARM GOBBO;2
06001;RASPINI CHARM SCOPA;1
06002;RASPINI CHARM TREDICI PICCOLO;2
06003;RASPINI CHARM QUADRIFOGLIO PICCOLO;1
06004;RASPINI CHARM LISCA DI PESCE;2
06005;RASPINI CHARM CORNO PICCOLO;2
06006;RASPINI CHARM ELEFANTE;2
06007;RASPINI CHARM FERRO DI CAVALLO PICCOLO;1
06009;RASPINI CHARM TREDICI GRANDE;1
06010;RASPINI CHARM QUADRIFOGLIO GRANDE;2
06011;RASPINI CHARM CORNO GRANDE;2
06012;RASPINI CHARM FERRO DI CAVALLO GRANDE;2
06020;RASPINI CHARM COLTELLO A PUNTA;1
06021;RASPINI CHARM IMBUTO;1
06022;RASPINI CHARM APRIBOTTIGLIE;1
06029;RASPINI CHARM PESI;1
06030;RASPINI CHARM SCARPETTA;1
06031;RASPINI CHARM MAZZA DA GOLF;1
06032;RASPINI CHARM MAZZA DA BASEBALL;1
06033;RASPINI CHARM PINNA;1
06034;RASPINI CHARM SCI;1
06035;RASPINI CHARM PALLA RUGBY;1
06055;RASPINI SPILLONE;2
06096;RASPINI CHARM CUORE LISCIO;1
06097;RASPINI CHARM CUORE 2 ANGELI;2
06098;RASPINI CHARM CUORE ANGELO;2
06099;RASPINI CHARM LUNA ANGELO;1
06197;RASPINI CHARM PALLONE DA CALCIO;1
06198;RASPINI CHARM PALLINA GOLF;1
06202;RASPINI CHARM CORNUCOPIA;2
06203;RASPINI CHARM CHILI;1
06204;RASPINI CHARM MARGHERITA;2
06207;RASPINI CHARM ORSETTO;1
06209;RASPINI CHARM ANGELO;1
06246;RASPINI CHARM COPPA CHAMPIONS;1
06254;RASPINI CHARM CAVATAPPI;1
06297;RASPINI CHARM MARGHERITA GRANDE;2
06343;RASPINI CHARM FIOCCO DI NEVE;1
06418;RASPINI CHARM CUORE CORONA;3
06430;RASPINI CORDONE SETA NAPPINE NERO;3
06437;RASPINI CHARM FARFALLA GRANDE;2
06438;RASPINI CHARM FARFALLA;2
06439;RASPINI CHARM FARFALLA;3
06440;RASPINI CHARM FARFALLA;2
06442;RASPINI CHARM LIBELLULA GRANDE;2
06443;RASPINI CHARM LIBELLULA;2
06444;RASPINI CHARM COCCINELLA;2
06446;RASPINI CHARM GEKO;1
06463;RASPINI CHARM MORSO;1
06466;RASPINI CHARM STIVALE;1
06467;RASPINI CHARM COCCARDA;1
06470;RASPINI CHARM QUARTER;1
06471;RASPINI CHARM FRANCO;1
06472;RASPINI CHARM PESETA;1
06473;RASPINI CHARM CENT;1
06476;RASPINI CHARM CUORE;1
06477;RASPINI CHARM CUORE;1
06537;RASPINI CHARM TRANCIO TORTA;2
06542;RASPINI CHARM BUCANEVE;1
06548;RASPINI CHARM CROISSANT;1
06551;RASPINI CHARM PIPA;2
06553;RASPINI CHARM PENNA;1
06557;RASPINI CHARM TORTELLINO;1
06559;RASPINI CHARM MARGHERITA MINI;2
06561;RASPINI CHARM QUADRIFOGLIO MEDIO;3
06563;RASPINI CHARM CUORICINO;4
06565;RASPINI CHARM TARTARUGA MINI;2
06569;RASPINI CHARM MANO CORNA MINI;3
06571;RASPINI CHARM MINI CORNO;2
06576;RASPINI CHARM CROCE;1
06577;RASPINI CHARM CUORE ALATO;2
06617;RASPINI COLLANA MAGLIA OVALE MARTELLATA cm 107;1
06618;RASPINI COLLANA MAGLIA OVALE ALTERNATA cm 92;1
06649;"RASPINI CHARM ""C"" CON STELLE";2
06650;"RASPINI CHARM ""D"" CON STELLE";1
06652;"RASPINI CHARM ""F"" CON STELLE";1
06653;"RASPINI CHARM ""G"" CON STELLE";1
06654;"RASPINI CHARM ""H"" CON STELLE";1
06655;"RASPINI CHARM ""I"" CON STELLE";1
06658;"RASPINI CHARM ""N"" CON STELLE";1
06659;"RASPINI CHARM ""O"" CON STELLE";1
06660;"RASPINI CHARM ""P"" CON STELLE";1
06661;"RASPINI CHARM ""Q"" CON STELLE";1
06665;"RASPINI CHARM ""U"" CON STELLE";1
06666;"RASPINI CHARM ""V"" CON STELLE";2
06667;"RASPINI CHARM ""Z"" CON STELLE";1
06669;"RASPINI CHARM ""K"" CON STELLE";1
06670;"RASPINI CHARM ""W"" CON STELLE";1
06863;RASPINI BRACCIALE MAGLIA BIZANTINA cm 21;1
06896;RASPINI CHARM MONETA VELIERO;2
06897;RASPINI CHARM MONETA AMULETI;2
06898;RASPINI CHARM MONETA CORNUCOPIA;1
06899;RASPINI CHARM MONETA IMPERATORE GRANDE;2
06900;RASPINI CHARM MONETA IMPERATORE PICCOLA;1
06901;RASPINI CHARM MEDAGLIA MEDUSA CONTRAEREA;1
06902;RASPINI CHARM MEDAGLIA CARRI ARMATI;1
06903;RASPINI CHARM MEDAGLIA LIBERTY;2
06904;RASPINI CHARM MEDAGLIA ARTIGLIERI A CAVALLO;1
06924;RASPINI CHARM CUORE MARTELLATO GRANDE;1
06925;RASPINI CHARM CUORE MARTELLATO MEDIO;2
06926;RASPINI CHARM CUORE MARTELLATO PICCOLO;2
06927;RASPINI BRACCIALE ROLO' GIGANTE cm 21;1
06931;RASPINI BRACCIALE ONDA MEDIA cm 23;1
06958;RASPINI CHARM LE FARFALLE NEL CUORE;1
06966;RASPINI BRACCIALE LISCIO diam mm65;2
06966L;RASPINI BRACCIALE LISCIO diam mm70;2
06966S;RASPINI BRACCIALE LISCIO diam mm60;2
06999;RASPINI CHARM GEKO GRANDE;1
07008;RASPINI CHARM GUFO;1
07157;RASPINI CHARM MONETA 5 FRANCHI;1
07158;RASPINI CHARM MONETA NETERLAND;2
07159;RASPINI CHARM MONETA VITTORIO EMANUELE;1
07220;RASPINI ORECCHINI BAMBU';1
07244;RASPINI BRACCIALE TORCHON E CATENA cm 21;1
07337;RASPINI BRACCIALE CROCODILE CM 24;1
07338;RASPINI ORECCHINI CROCODILE;1
07402;RASPINI BRACCIALE MINI MAGLIA BIZANTINA cm 20;1
07443;RASPINI BRACCIALE MAGLIA TONDA cm 20;1
07501;RASPINI BRACCIALE FARFALLE cm 21;1
07503;RASPINI BRACCIALE MARGHERITE cm 19;1
07560;RASPINI ORECCHINI MARGHERITE;1
07564/60;RASPINI GIROCOLLO BASE cm 60;2
07564/90;RASPINI GIROCOLLO BASE cm 90;1
07583;RASPINI BRACCIALE MINI MARGHERITE cm 19;1
07587;RASPINI BRACCIALE MINI FARFALLE cm 18;1
07636;RASPINI CORDONE SETA NAPPINE BLU;1
07649;RASPINI CHARM GUFO;2
07755;RASPINI CHARM ROSA;1
07756;RASPINI CHARM CAMOMILLA;2
07757;RASPINI CHARM CALLA;1
07758;RASPINI CHARM TULIPANO;1
07759;RASPINI CHARM NARCISO;2
07760;RASPINI CHARM FIOR DI LOTO;2
07761;RASPINI CHARM GIGLIO;1
07762;RASPINI CHARM FIOR D'ARANCIO;1
07763;RASPINI CHARM QUADRIFOGLIO;1
07765;RASPINI CHARM GUFO;1
07766;RASPINI CHARM MONETA;1
07791/16;RASPINI ANELLO FASCIA MARGHERITE mis.16;1
07943;RASPINI CHARM CORONA PICCOLA;2
07995;RASPINI ORECCHINI MINI FARFALLA;1
07997;RASPINI ORECCHINI MINI MARGHERITA;1
08058;RASPINI CHARM AMORINO SU CUORE;2
08059;RASPINI CHARM AMORINO SU LUNA;1
08118;RASPINI CHIUSURA BRISE' CUORE;2
08119;RASPINI CHIUSURA BRISE' OVALE GRANDE;2
08238;RASPINI CHARM FARFALLA;2
08351/45;RASPINI COLLANA MINI ROLO' cm 45;1
08351/90;RASPINI COLLANA MINI ROLO' cm 90;2
08611;RASPINI CHARM ARIETE;1
08613;RASPINI CHARM GEMELLI;1
08614;RASPINI CHARM CANCRO;1
08616;RASPINI CHARM VERGINE;1
08617;RASPINI CHARM BILANCIA;1
08619;RASPINI CHARM SAGITTARIO;2
08620;RASPINI CHARM CAPRICORNO;1
08621;RASPINI CHARM ACQUARIO;1
08630;RASPINI CHARM I LOVE MAMMA;2
08631;RASPINI CHARM I LOVE PAPA';1
08634;RASPINI CHARM TOQUE;2
08636;RASPINI CHARM ROLLERBLADE;1
08638;RASPINI CHARM SNOWBOARD;1
08639;RASPINI CHARM WEDDING CAKE;1
08641;RASPINI CHARM GUANTONE;1
08655;RASPINI CHARM TEIERA INGLESE;1
08662;RASPINI CHARM CONVERSE;1
08722;RASPINI CHARM BORSETTA;1
08723;RASPINI CHARM POCHETTE;1
08729;RASPINI CHARM ROSSETTO;1
08730;RASPINI CHARM SANDALO;1
08733;RASPINI CHARM PROFUMO;1
08734;RASPINI CHARM SLIP;1
08735;RASPINI CHARM BRA;1
08739;RASPINI CHARM I FIORI NEL CUORE;1
08741;RASPINI CHARM LA FARFALLA NEL CUORE;1
08742;RASPINI CHARM LA COCCINELLA NEL CUORE;1
08743;RASPINI CHARM LA RANA NEL CUORE;1
08744;RASPINI CHARM IL FIORE NEL CUORE;2
08745;RASPINI CHARM L'ANGELO NEL CUORE;1
08760;RASPINI CHARM CORNO MEDIO CORONA;1
08765;RASPINI CHARM CORNO PICCOLO CORONA;1
08768;RASPINI CHARM CORNO NERO PICCOLO CUPOLA;1
08770;RASPINI CHARM CORNO ROSSO PICCOLO CUPOLA;1
08875;RASPINI CHARM GHIANDA;1
08876;RASPINI CHARM PANETTONE;1
08877;RASPINI CHARM PEPERONCINI;1
08878;RASPINI CHARM GHIACCIOLO;2
08879;RASPINI CHARM GELATO;2
08882;RASPINI CHARM BREZEL;1
08885;RASPINI CHARM MOKA;3
08886;RASPINI CHARM TAZZINA;2
08888;RASPINI CHARM MATTARELLO;1
08889;RASPINI CHARM BOCCALE BIRRA;1
08893;RASPINI CHARM FIASCO;1
08894;RASPINI CHARM BOTTE;1
08896;RASPINI CHARM VELA;1
08897;RASPINI CHARM PALLA BASKET;1
08901;RASPINI CHARM COPPA;1
09105;RASPINI CHARM BERRETTO;1
09106;"RASPINI CHARM SACCA DA GOLF						";1
09112;RASPINI BRACCIALE ROLO' MOSCHETTONE cm 20;3
09200;RASPINI BRISE' ROULETTE;3
09201;RASPINI CIAMBELLINA CAVA;237
09202;RASPINI BARILOTTO MARTELLATO;2
09205;RASPINI SPIRALE;2
09210;RASPINI BRACCIALE BASE STELLA MARINA cm 20;1
09211;RASPINI BRACCIALE BASE CUORE cm 20;1
09212;RASPINI BRACCIALE BASE CORONA cm 20;1
09338;RASPINI CHARM BIG FAMILY;1
09343;RASPINI CHARM CANE FIDO;1
09435;RASPINI CIAMBELLINA BORCHIE;1
09436;RASPINI CIAMBELLINA CORDA;1
09452;RASPINI CHARM MONETA STEMMA MEDICEO;1
09453;RASPINI CHARM MONETA GIGLIO DI FIRENZE;2
09455;RASPINI CHARM MONETA 2 LIRE;2
09456;RASPINI CHARM MONETA 5 LIRE;2
09457;RASPINI CHARM MONETA 10 LIRE;2
09458;RASPINI CHARM MONETA 20 LIRE;2
09459;RASPINI CHARM MONETA 50 LIRE;2
09460;RASPINI CHARM MONETA 100 LIRE;2
09462;RASPINI CHARM CUORE FARFALLE;3
09463;RASPINI CHARM CUORE INTRECCI;2
09464;RASPINI CHARM CUORE FIOCCO;2
09465;RASPINI CHARM CUORE MARGHERITE;1
09466;RASPINI CHARM CUORE CORDA;3
09467;RASPINI CHARM CUORE MIMOSA;1
09482;RASPINI COLLANA CROCODILE PICCOLA CM 52;1
09508;RASPINI CHARM MONGOLFIERA;1
09510;RASPINI CHARM FORMULA 1;1
09520;RASPINI CHARM MINI FIOCCO;2
09523;RASPINI CHARM LIBELLULA;1
09531;RASPINI BRACCIALE BANGLE PERLAGE;1
09532;RASPINI BRACCIALE PETIT PERLAGE cm 18,5;1
09535/16;RASPINI ANELLO PERLAGE mis.16;1
09536;RASPINI ORECCHINI PERLAGE;1
09538;RASPINI ORECCHINI CASCATA PERLAGE;1
09539;RASPINI COLLANA SWING MARGHERITE cm 45;1
09540;RASPINI COLLANA SWING FARFALLE cm 45;1
09619;RASPINI CHARM AUGUSTUS;1
09620;RASPINI CHARM SPARTACUS;1
09621;RASPINI CHARM ATHENA;1
09622;RASPINI CHARM CAMILLUS;1
09623;RASPINI CHARM FLORENTIA;1
09624;RASPINI CHARM ARIONE;1
09625;RASPINI CHARM LUPA;1
09626;RASPINI CHARM CRETA;1
09637;RASPINI CHARM CUFFIE;1
09639;RASPINI CHARM RACCHETTA TENNIS;1
09644;RASPINI CHARM RONDINE;1
09654;RASPINI CHARM SOLITARIO;1
09655;RASPINI CHARM KISS;1
09666;RASPINI CHARM CHICCO CAFFE';1
09667;RASPINI CHARM CIOCCOLATO;2
09668;RASPINI STOP;3
09680;RASPINI ORECCHINI BAMBU';1
09711;RASPINI BRACCIALE MAGLIA BIZANTINA PICCOLA cm 20;2
09777;RASPINI CHARM MEDAGLIA NAPOLEONE;1
09778;RASPINI CHARM MEDAGLIA ROMA;1
09800;RASPINI ANELLO FARFALLE;1
09832;RASPINI SFERA MARTELLATA GRANDE;6
09833;RASPINI SFERA MARTELLATA PICCOLA;1
09843;RASPINI CHARM FIOCCO;2
09846;RASPINI CHARM CORONA;3
09849;RASPINI CHARM MASCHERA SUB;1
09850;RASPINI CHARM SURF BOARD;1
09852;RASPINI CHARM FISCHIETTO;1
09857;RASPINI CHARM CAPPELLINO;1
09859;RASPINI CHARM SMARTPHONE;1
09860;RASPINI CHARM CARTA DI CREDITO;1
09923;RASPINI CHARM SANDALO;1
09924;RASPINI CHARM ZEPPA;1
09925;RASPINI CHARM STIVALETTO;1
09926;RASPINI CHARM PINNA;1
09958/16;RASPINI ANELLO GRANDE VIA LATTEA mis.16;1
09961;RASPINI PENDENTE PICCOLO VIA LATTEA cm 80;1
09966;RASPINI ORECCHINI BOTTONE VIA LATTEA;1
09984;RASPINI BEAD MARTELLATO;4
10012;RASPINI CHARM FOGLIA FICO;1
10013;RASPINI CHARM FOGLIA EDERA;1
10014;RASPINI CHARM FOGLIA GERANIO;1
10015;RASPINI CHARM FOGLIA GINKGO;1
10016;RASPINI CHARM FOGLIA QUERCIA;1
10019;RASPINI CHARM PERA;1
10020;RASPINI CHARM MELA;1
10022;RASPINI CHARM ANANAS;1
10023;RASPINI CHARM CILIEGIE;1
10168;RASPINI CHARM CORNO ROSSO LISCIO;2
10194;RASPINI CHARM PANDA;1
10195;RASPINI CHARM KOALA;1
10197;RASPINI CHARM PIGNA;1
10202;RASPINI CHARM FIOCCO;2
10203;RASPINI CHARM CUORE MARGHERITE;2
10204;RASPINI CHARM CUORE GABBIA;2
10205;RASPINI CHARM TORTA CUORE;2
10206;RASPINI CHARM FUNGHI;1
10207;RASPINI CHARM FUNGO PORCINO;1
10208;RASPINI CHARM CUPCAKE;2
10237;RASPINI BRACCIALE SUPER BOWL PICCOLO cm 21;1
10238;RASPINI BRACCIALE BANGLE SUPER BOWL GRANDE;1
10240;RASPINI BRACCIALE BANGLE SUPER BOWL PICCOLO;1
10241;RASPINI ORECCHINI SUPER BOWL GRANDI;1
10242;RASPINI ORECCHINI SUPER BOWL MEDI;1
10243;RASPINI ORECCHINI SUPER BOWL PICCOLI;1
10244;RASPINI ORECCHINI BOTTONE SUPER BOWL;1
10250/16;RASPINI ANELLO PETIT PERLAGE mis.16;1
10253;RASPINI ORECCHINI CERCHIO PERLAGE;1
10256;RASPINI BRACCIALE MIGNON CIAMBELLINE cm 19,5;1
10257;RASPINI BRACCIALE TORCHON PICCOLO cm 19,5;1
10259;RASPINI BRACCIALE MIGNON PRIMAVERA cm 19,5;1
10260;RASPINI BRACCIALE MIGNON FORTUNA cm 19,5;1
10263;RASPINI COLLANA MINI SWING MORNING STAR cm 43;1
10265;RASPINI COLLANA MINI SWING CUORE cm 43;1
10268;RASPINI BRACCIALE MINI SWING MORNING STAR cm 19;1
10270;RASPINI BRACCIALE MINI SWING CUORE cm 19;1
10312;RASPINI COLLANA MAUI cm 42;1
10314;RASPINI BRACCIALE MAUI CM 18;1
10316;RASPINI ORECCHINI MAUI GRANDI;1
10317;RASPINI ORECCHINI MAUI;1
10319/14;RASPINI ANELLO MAUI  mis.14;1
10320;RASPINI COLLANA SUPER BOWL LIGHT diam. cm 14;1
10321;RASPINI ORECCHINI SUPER BOWL LIGHT GRANDI DIAM MM68;1
10322;RASPINI ORECCHINI SUPER BOWL LIGHT MEDI DIAM 58;1
10323;RASPINI ORECCHINI SUPER BOWL LIGHT PICCOLI DIAM MM 48;1
10325;RASPINI BANGLE SUPER BOWL MINI;1
10327;RASPINI BRACCIALE SUPER BOWL MINI cm 21;1
10334;RASPINI BRACCIALE FIZZY cm 20;1
10364;RASPINI ORECCHINI FANTASY MARGHERITA;1
10436;RASPINI CHARM BICI SPORT;1
10451;RASPINI CHARM ROTELLA PASTA;1
10489;RASPINI BRACCIALE MINI BOWL BLACK cm 20;1
10499;RASPINI BANGLE MARTELLATO PICCOLO MM 65;2
10499L;RASPINI BANGLE MARTELLATO PICCOLO MM 70;2
10499S;RASPINI BANGLE MARTELLATO PICCOLO MM 60;2
10505;RASPINI BRACCIALE MAGLIA OVALE ALTERNATA cm 22,5;1
10507;RASPINI BRACCIALE IMPERO CM 23;1
10509;RASPINI BRACCIALE ROLO' MARTELLATO cm 20;1
10510;RASPINI BRACCIALE ROLO' MARTTELLATO GRANDE CM 20.5;1
10524;"RASPINI CHARM ARIES
";1
10525;RASPINI CHARM TAURUS;1
10569;RASPINI PENDENTE ANEMONE PICCOLO CM45;1
10578;RASPINI BRACCIALE MINI BOWL BLACK cm 20;1
10581;RASPINI ORECCHINI SUPER BOWL LIGHT MINI diam. mm 38;2
10582;RASPINI ORECCHINI SUPER BOWL LIGHT MINI MINI diam. mm 28;1
10584;RASPINI ORECCHINI BOTTONE SUPER BOWL PICCOLI;1
10585;RASPINI ORECCHINI MINI BOWL;1
10652;RASPINI BANGLE BAMBU'PICCOLO;1
10654;RASPINI ORECCHINI CERCHIO BAMBU' PICCOLI;1
10659;RASPINI BANGLE CROCODILE PICCOLO;1
10661;RASPINI ORECCHINI CERCHIO CROCODILE MEDI;1
10689/16;RASPINI ANELLO SUPER BOWL GRANDE mis.16;1
10700;RASPINI ORECCHINI HUGGIE BASE CHARMS;8
10816/18;RASPINI ANELLO BERRIES MIS 18;1
10961/18;RASPINI ANELLO PARIS mis. 18;1
10964;RASPINI BANGLE PARIS PICCOLO;1
10996;RASPINI CHARM CHARM CORNO ROSSO PULCINELLA;1
11032;RASPINI PENDENTE AD ASTRA;1
11034/14;RASPINI ANELLO;1
11035;RASPINI BRACCIALE AD ASTRA;1
11037;RASPINI ORECCHINI BOTTONE AD ASTRA;1
11038;RASPINI ORECCHINI BOTTONE;1
11054;RASPINI COLLANA LILY;1
11055;RASPINI BRACCIALE LILY cm. 20;1
11056;RASPINI LONGUETTE BROOKLYN cm 114;1
11057;RASPINI COLLANA BROOKLYN cm. 63;1
11058;RASPINI BRACCIALE BROOKLYN cm. 21;1
11059;RASPINI BRACCIALE BROOKLYN LIGHT cm. 21;1
11098/14;RASPINI ANELLO DROPS PERLAGE MIS 14;1
11099/16;RASPINI ANELLO DROPS MARGHERITE;1
11100/14;RASPINI ANELLO DROPS FARFALLE;1
11102;RASPINI ORECCHINI DROPS MARGHERITE;1
11103;RASPINI ORECCHINI DROPS FARFALLE;1
11104;RASPINI ORECCHINI DROPS FARFALLE;1
11106;RASPINI PENDENTE PERLAGE CM45;2
11108;RASPINI CATENA DROPS FARFALLE;1
11110;RASPINI PENDENTE DROPS FIOCCO;1
11112;RASPINI CIONDOLO PERLA;1
11113;RASPINI CIONDOLO PERLA;1
11114;RASPINI CIONDOLO PERLA;1
11120;RASPINI COLLANA SKIN cm 43;1
11122;RASPINI ORECCHINI SKIN;1
11123;RASPINI ORECCHINI SKIN;1
11125;RASPINI BRACCIALE SKIN cm 19;1
11126/16;RASPINI ANELLO SKIN;1
11159;RASPINI CHARM DUCATO;1
11160;RASPINI CHARM FIORINO;1
11161;RASPINI CHARM BISANTE;1
11162;RASPINI CHARM DINAR;1
11163;RASPINI CHARM TARÌ;1
11164;RASPINI CHARM ZECCHINO;1
11165;RASPINI CHARM COCCODRILLO;1
11166;RASPINI CHARM LEOPARDO;1
11167;RASPINI CHARM LEONE;1
11169;RASPINI CHARM RINOCERONTE;1
11170;RASPINI CHARM IPPOPOTAMO;1
11171;RASPINI CHARM GORILLA;1
11172;RASPINI CHARM SCIMPANZE';1
11173;RASPINI CHARM ORSO;1
11174;RASPINI CHARM PAPPAGALLO;1
11175;RASPINI CHARM FENICOTTERO;1
11176;RASPINI CHARM PINGUINO;1
11177;RASPINI CHARM MAPPAMONDO GRANDE;1
11179;RASPINI CHARM FORZIERE APRIMI;1
11181;RASPINI CHARM SOLITARIO APRIMI;1
11182;RASPINI CHARM DIARIO APRIMI;1
11183;RASPINI CHARM CUORE APRIMI;1
11184;"RASPINI CHARM CUORE ""LOVE""";1
11185;"RASPINI CHARM COCCINELLA ""GOOD LUCK""";1
11186;RASPINI CHARM MEDUSA GRANDE;1
11187;RASPINI CHARM AEREO;1
11188;RASPINI CHARM ANGELO;1
11189;RASPINI CHARM CAMPANELLA MARGHERITE;1
11190;RASPINI CHARM CAMPANELLA FARFALLE;1
11191;RASPINI CHARM CAMPANELLA MARE;1
11192;RASPINI CHARM CAMPANELLA SCARAMANTICO;1
11193;RASPINI CHARM CAMPANELLA QUADRIFOGLIO;1
11194;RASPINI CHARM CAMPANELLA FIOCCO;1
11199;RASPINI PENDENTE SUNRISE cm.80;1
11236;RASPINI CHARM ALVEARE;1
11255/14;RASPINI ANELLO SERPENTE GRANDE mis.14;1
11256/12;RASPINI ANELLO SERPENTE mis.12;1
11256/14;RASPINI ANELLO SERPENTE mis.14;1
11258;RASPINI ORECCHINI SERPENTE;1
11260;RASPINI BANGLE SERPENTE GRANDE;1
11261;RASPINI BANGLE SERPENTE;1
11263;RASPINI PENDENTE ANEMONE MINI cm 45;1
11265;RASPINI ORECCHINI CASCATA ANEMONE PICCOLI;1
11266;RASPINI ORECCHINI BOTTONE ANEMONE MINI;1
11268/14;RASPINI ANELLO TRILOGY ANEMONE mis.14;1
11269/120;RASPINI COLLANA SUPERLIGHT 120 cm 120;1
11269/90;RASPINI COLLANA SUPERLIGHT 90 cm 90;1
11271;RASPINI COLLANA SIENNA cm 60;1
11276;RASPINI CHARM  CROCE;1
11277;RASPINI CHARM  CROCE;1
11278;RASPINI CHARM  CROCE;1
11279;RASPINI CHARM CROCE TESCHIO;1
11280;RASPINI CHARM CROCE CUORE;1
11281;RASPINI CHARM CROCE;1
11282;RASPINI CHARM CUORE VOTIVO;1
11283;RASPINI CHARM CUORE VOTIVO MARGHERITE;1
11284;RASPINI CHARM CUORE VOTIVO;1
11286;RASPINI CHARM CUORE VOTIVO TESCHIO;1
11287;RASPINI CHARM CUORE VOTIVO ANGELO;1
11288;RASPINI CHARM ANGELO;1
11289;RASPINI CHARM ANGELO;1
11290;RASPINI CHARM CUORE ANGELO;1
11291;RASPINI CHARM ANGELI;1
11292;RASPINI CHARM ANGELO CUSTODE;1
11293;RASPINI CHARM ANGELI;1
11294;RASPINI CHARM CROCE GRANDE;1
11295;RASPINI CHARM CUORE VOTIVO GRANDE;1
11298;RASPINI BRACCIALE CUORE VOTIVO cm 20;1
11299;RASPINI PORTACHIAVI COCCODRILLO;1
11300;RASPINI PORTACHIAVI SERPENTE;1
11301;RASPINI PORTACHIAVI CORDA;1
11303;RASPINI PORTACHIAVI INGRANAGGI;1
11306;RASPINI PORTACHIAVI TESCHIO;1
11307;RASPINI PORTACHIAVI BULL DOG;1
11309;RASPINI PORTACHIAVI MOSCHETTONE OVALE;1
11313/24;RASPINI ANELLO ARTIGLIO DI AQUILA mis.24;1
11315/24;RASPINI ANELLO GRAFFIATO OCCHIO DI TORO mis.24;1
11327/26;RASPINI ANELLO FASCIA INGRANAGGI mis.26;1
11332;RASPINI BRACCIALE GRAFFIATO cm 21;1
11335;RASPINI BRACCIALE GRUMETTA FILI cm 19;1
11337L;RASPINI BRACCIALE GRUMETTA ONICE cm 21;1
11343L;RASPINI BRACCIALE TRECCIA QUADRA cm 21;1
11345L;RASPINI BRACCIALE GRUMETTA DOPPIA cm 20;1
11346;RASPINI BRACCIALE TORCHON Y cm 19;1
11348L;RASPINI BRACCIALE PEPITE  cm 22;1
11349;RASPINI BANGLE TESCHI;1
11350;"RASPINI BANGLE FILI
";1
11352L;RASPINI BRACCIALE CUOIO cm 21;1
11353;RASPINI BRACCIALE/COLLANA CUOIO INTRECCIATO cm 42;1
11359L;RASPINI BRACCIALE TANGO LABRADORITE cm 22;1
11360L;RASPINI BRACCIALE TANGO MALACHITE cm 22;1
11363L;RASPINI BRACCIALE TANGO LAPISLAZZULI cm 22;1
11378;RASPINI COLLANA BUTTERFLY cm 45;1
11381/14;RASPINI ANELLO BUTTERFLY GRANDE mis.14;1
11381/16;RASPINI ANELLO BUTTERFLY GRANDE mis.16;1
11383;RASPINI BRACCIALE BUTTERFLY GRANDE cm 19;1
11384;RASPINI BRACCIALE BUTTERFLY cm 19;1
11385;RASPINI ORECCHINI BUTTERFLY;1
11386;RASPINI ORECCHINI BUTTERFLY PICCOLI;1
11396;RASPINI BRACCIALE MAGLIA BIZANTINA MARTELLATA cm 22;1
11397;RASPINI BRACCIALE BARREL GRANDE cm 21;1
11398;RASPINI BRACCIALE BARREL cm 21;1
11399;RASPINI BRACCIALE ONDA MEDIO cm 21;1
11400;RASPINI BRACCIALE ONDA PICCOLO cm 21;1
11401;"RASPINI BEAD ""A""";1
11402;"RASPINI BEAD ""B""";1
11403;"RASPINI BEAD ""C""";1
11404;"RASPINI BEAD ""D""";1
11405;"RASPINI BEAD ""E""";1
11406;"RASPINI BEAD ""F""";1
11407;"RASPINI BEAD ""G""";1
11408;"RASPINI BEAD ""H""";1
11409;"RASPINI BEAD ""I""";1
11410;"RASPINI BEAD ""J""";1
11411;"RASPINI BEAD ""K""";1
11412;"RASPINI BEAD ""L""";1
11413;"RASPINI BEAD ""M""";1
11414;"RASPINI BEAD ""N""";1
11415;"RASPINI BEAD ""O""";1
11416;"RASPINI BEAD ""P""";1
11417;"RASPINI BEAD ""Q""";1
11418;"RASPINI BEAD ""R""";1
11419;"RASPINI BEAD ""S""";1
11420;"RASPINI BEAD ""T""";1
11421;"RASPINI BEAD ""U""";1
11422;"RASPINI BEAD ""V""";1
11423;"RASPINI BEAD ""W""";1
11426;"RASPINI BEAD ""Z""";1
11427;RASPINI BEAD PERLAGE;1
11428;RASPINI BEAD FILI;1
11429;RASPINI BEAD MARGHERITE;1
11430;RASPINI BEAD CUORI;1
11431;RASPINI BEAD STELLE;1
11432;RASPINI BEAD CATENA;1
11433;RASPINI CIAMBELLINA GRANDE;1
11434;RASPINI CIAMBELLINA MARTELLATA;1
11435;RASPINI BEAD AGATA CELESTE;1
11436;RASPINI BEAD LAPISLAZZULI;1
11437;RASPINI BEAD AGATA VERDE;1
11438;RASPINI BEAD CALCEDONIO MANGO;1
11439;RASPINI BEAD CORNIOLA ARANCIO;1
11440;RASPINI BEAD ONICE NERA;1
11441;RASPINI CHARM BIMBO GRANDE;1
11442;RASPINI CHARM BIMBA GRANDE;1
11443;RASPINI CHARM CANE GRANDE;1
11444;RASPINI CHARM GATTO GRANDE;1
11445;RASPINI CHARM BIMBO;1
11446;RASPINI CHARM BIMBA;1
11448;RASPINI CHARM GATTO;1
11449;RASPINI CHARM TEDDY;1
11450;RASPINI CHARM PESCE;1
11452;RASPINI CHARM PESCE TROPICALE;1
11454;RASPINI CHARM PESCE DEGLI ABISSI;1
11456;RASPINI CHARM PESCE ANGELO;1
11457;RASPINI CHARM SQUALO;1
11458;RASPINI CHARM TARTARUGA MARINA;1
11459;RASPINI CHARM STELLA MARINA;1
11460;RASPINI CHARM RICCIO DI MARE;1
11461;RASPINI CHARM DENTE DI SQUALO;1
11462;RASPINI CHARM CODA DI BALENA;1
11463;RASPINI BRACCIALE BIMBA;1
11464;RASPINI BRACCIALE CIAMBELLINE;1
11466;RASPINI BRACCIALE CIAMBELLINE MARTELLATE;1
11467;RASPINI BRACCIALE BEAD PERLAGE;1
07755;RASPINI CHARM ROSA;1
10018;RASPINI CHARM FRAGOLA;1
